lang_train,af,aii,ajp,akk,apu,aqz,ar,be,bg,bho,bm,br,bxr,ca,ckt,cs,cu,cy,da,de,el,en,es,et,eu,fa,fi,fo,fr,fro,ga,gd,gl,got,grc,gsw,gub,gun,gv,he,hi,hr,hsb,hu,hy,hyw,id,is,it,ja,kfm,kk,kmr,ko,koi,kpv,krl,la,lt,lv,lzh,mdf,mpu,mr,mt,myu,myv,nds,nl,no,nyq,olo,orv,otk,pcm,pl,pt,quc,ro,ru,sa,sk,sl,sme,sms,sq,sr,sv,ta,te,th,tl,tpn,tr,ug,uk,ur,urb,vi,wbp,wo,xnr,yo,yue,zh
af,31.77978734,17.21854305,69.32826362,28.60876249,32.18954248,24.42159383,79.69030309,86.42268299,86.96896464,50.05251313,29.92838024,61.97183099,59.74880383,86.13368156,33.34515786,85.10998971,50.95204865,70.31399426,86.84026739,83.57013189,83.28588857,85.78068628,86.71091783,86.68956912,76.19184377,75.38893756,83.90867426,76.49680503,83.14769976,58.4341514,66.34954193,59.42874693,83.62308762,20.69033144,59.34700785,55.5401662,23.17880795,31.25948407,39.55586398,84.375,70.23743229,86.3561418,74.20827124,84.85834609,82.73880776,79.99496729,79.46014906,82.55983314,84.44413264,35.90453867,37.83783784,77.50291715,74.71947935,59.40982217,46.00715137,37.34779495,73.14156432,76.2237377,82.82378633,83.02144835,30.53032388,42.91324527,15.06849315,87.11656442,24.21204732,19.02748414,43.63158538,62.47191011,83.72616525,81.27633955,47.43589744,66.53225806,72.48742635,37.1040724,39.2555935,85.63462078,85.47347983,34.06260518,81.35215028,86.39819642,32.43562021,84.77402723,76.6395484,38.8011988,33.01060396,79.39262473,86.98888013,87.65607013,80.99845201,82.24687933,62.49888003,71.69459963,25.89928058,72.78505393,73.26895418,83.96182223,63.19059841,23.75,60.32622334,39.67611336,31.75631886,49.56245028,26.40236187,52.36384538,49.78503732
ar,34.48275862,14.56953642,58.8086185,3.935434281,22.38562092,10.53984576,75.93239543,77.16087934,75.33070466,40.88522131,15.7491138,39.10428865,33.57256778,60.50493326,27.52749202,75.42256626,27.71408633,58.77430666,66.09797466,63.82730306,64.66043107,62.81700155,64.91187915,66.46140883,59.38294904,76.08071776,66.8867118,54.40584224,58.53037162,25.55017859,51.41335839,40.44840295,67.45479833,7.246518925,41.11399644,30.40166205,15.01103753,20.25796662,18.25121443,77.08333333,64.14384313,73.3223413,54.58271237,61.12174579,69.40387838,58.53044791,66.32310481,61.63862413,60.16089051,17.85460615,29.72972973,68.05134189,59.13375224,51.97344023,30.87008343,28.7424537,44.1822883,60.94726057,73.04720309,69.91560759,5.638131939,26.20492681,2.054794521,68.71165644,15.11785424,6.976744186,27.28272827,27.97752809,63.49752825,64.55641489,26.92307692,40.25537634,55.59706854,37.1040724,26.60486513,76.97777631,66.45485835,19.00033659,68.37989892,77.23945918,4.904658935,74.67977121,64.66461896,19.24075924,25.91055786,68.11279826,73.74135365,68.50084123,63.04179567,63.24549237,53.68246573,55.12104283,18.34532374,62.42167437,56.19478118,77.74915095,57.36188032,2.5,60.70263488,18.62348178,14.56038021,29.1964996,14.90229158,30.14082483,30.29135834
be,43.15810395,14.56953642,67.42712294,8.178324366,22.7124183,11.05398458,82.80143518,98.2825381,91.61790893,51.58289572,15.85039427,52.22345308,61.14433812,80.49912943,39.4111387,88.31757386,51.69973083,64.19349697,84.28614187,79.37740202,79.09719398,77.52877044,83.58434424,83.00465071,74.87896939,75.24091472,83.57650423,72.22789024,81.18328245,27.04804701,59.22010806,48.58722359,84.0403338,1.706216905,66.8864704,31.44044321,14.34878587,22.83763278,16.88063845,89.58333333,73.10281982,90.41220115,66.98025335,76.20597243,87.35934881,78.39708103,75.24004566,81.38006572,80.11786165,38.74209816,44.59459459,81.10851809,75.03366248,61.79737581,48.98688915,45.78941983,67.09760827,75.63872332,89.86225433,89.49931619,28.01633177,50.12495537,1.369863014,85.27607362,12.11957013,7.610993658,52.74416331,25.50561798,80.71592514,79.97036077,43.58974359,53.96505376,79.23552235,37.1040724,13.01317349,88.85680817,83.01120819,20.68327163,81.66301135,95.30823046,9.091802634,88.57649239,80.13033372,19.41058941,25.63393269,76.2472885,90.95525786,85.88683255,85.44891641,83.63384189,63.41277663,70.48417132,18.27338129,73.03800719,75.83727142,94.37287739,67.18222342,2.916666667,63.90631535,20.64777328,13.588248,51.43198091,16.20975678,51.65253628,52.73697838
bg,45.7318891,16.11479029,69.70849176,40.50730208,48.20261438,39.58868895,84.41129261,92.33075194,99.30679216,56.54913728,29.98625479,60.83241019,61.89194577,83.31882376,39.4111387,92.31443829,47.94138172,66.68791839,88.44657288,82.58128775,79.8698658,85.01303558,85.50469215,86.75438739,75.79387872,77.66063499,84.4945269,78.83262632,83.12875039,60.88259016,65.59392373,58.2002457,84.07510431,28.71151206,61.92629767,49.16897507,36.20309051,34.37025797,40.07633588,88.54166667,74.96245296,92.81121187,79.05178838,76.93338438,86.61718937,83.22848515,83.09608541,82.76083056,82.49380291,27.80737268,47.2972973,80.85180863,78.46723519,61.03272291,52.20500596,45.69732938,74.01422107,79.60051561,85.68788846,88.59868575,31.23222314,49.16101392,28.08219178,85.88957055,33.95647069,28.54122622,53.45923481,56.51685393,81.55455508,84.49960635,44.87179487,67.54032258,76.73228912,37.1040724,43.08914756,91.76717098,85.76471627,42.54459778,83.98016592,92.69329406,39.8761549,91.3075002,84.01544081,46.16383616,41.26325496,78.4164859,92.06724455,89.47666696,83.32043344,82.6629681,57.40525043,81.56424581,44.60431655,77.59501798,75.76535854,93.40086661,72.47737404,24.58333333,65.94730238,40.08097166,39.7926118,50.47732697,31.40728244,42.11812042,37.9373172
ca,45.88095001,17.21854305,64.00506971,40.98385857,37.25490196,43.44473008,79.18043622,86.04796403,89.91986772,49.72243061,29.79816248,63.506884,62.82894737,98.71832076,34.90599503,89.27980011,57.77091018,65.97067262,89.29462237,79.21481371,85.92923953,86.25865747,94.81345846,87.20163342,74.89538032,76.67582999,84.71877672,76.35719272,90.72744499,66.48231363,67.17171717,54.82186732,88.8038943,29.10374583,61.99340589,42.10526316,32.89183223,32.62518968,35.28799445,91.66666667,68.80473852,88.78812861,75.82898659,87.2032925,84.70193919,78.69904378,84.4927147,83.20826828,90.18287264,19.88955181,47.2972973,80.57176196,78.17549372,61.62078161,52.56257449,44.19318531,73.30316742,79.31296617,84.09205443,85.02284933,19.1760712,47.73295252,23.28767123,82.20858896,36.20518378,28.75264271,50.94731695,53.25842697,87.23075565,84.68022044,50,63.97849462,77.39042966,45.70135747,40.27322785,87.43957367,91.36881123,39.19555705,84.83264995,89.06481141,38.41163751,89.59961331,79.13415242,40.999001,41.30935915,79.17570499,90.35986341,89.46249889,82.23684211,85.02080444,43.36080996,72.53258845,36.61870504,76.20313303,75.39552085,87.53366905,65.19654194,27.5,65.2279381,36.43724696,38.19399438,44.86873508,28.83452833,40.50869378,32.30034042
cs,48.97147968,15.01103753,68.69455006,40.32282859,48.36601307,38.04627249,80.37956756,90.06370222,91.87229713,48.67216804,27.80149027,58.20541225,60.28708134,84.55697427,35.40262504,98.41996962,48.42986741,66.3611731,85.36366357,83.16302102,84.1805612,83.4421826,85.850309,85.7448429,74.01739559,80.086397,83.25134199,76.12092574,83.45720602,59.36743865,67.82554224,57.95454545,85.11821975,27.22102373,59.46080005,48.7534626,37.30684327,34.06676783,37.64746704,87.5,65.79928787,94.91755977,80.98919523,79.07733538,84.24706727,74.87418218,83.00208151,79.084617,81.51629952,19.39413311,39.18918919,80.16336056,79.27513465,58.86591202,49.22526818,44.4182953,69.52165482,79.69195853,86.4606081,85.85009507,15.6895128,48.48268476,21.23287671,87.73006135,33.08949697,28.11839323,51.14900379,55.39325843,83.86740819,79.62920082,47.43589744,65.86021505,76.62307803,37.1040724,41.57663623,92.0674465,86.32071309,36.839448,83.83903881,91.15198026,35.77747199,95.76250705,87.39830649,43.44655345,40.20285846,76.78958785,95.98984327,88.29894625,84.32662539,82.10818308,52.36537945,71.97392924,43.45323741,77.51155624,72.05670844,92.76847406,61.94110496,22.5,67.35257215,43.31983806,38.21559732,48.4089101,28.2721777,37.24673085,31.93274625
cu,49.8260956,15.01103753,51.45754119,30.39200615,14.05228758,16.19537275,65.42347276,66.31276543,65.42864411,36.66916729,13.41966288,43.48789365,36.13437002,57.04681757,12.45122384,63.93072363,94.87588476,50.75709276,59.90222488,59.92800027,56.9947133,60.12166539,58.39322499,62.00191214,55.12021006,60.79207323,61.16133373,56.85442732,59.45046847,55.88777509,41.57466134,41.33906634,59.70097357,32.35928613,59.1340122,41.3434903,20.52980132,13.12594841,19.79528105,58.33333333,51.46222515,64.36521022,51.80700447,52.98621746,57.289921,58.54302969,55.96589002,62.50786512,55.82058837,34.08267633,35.13513514,55.0991832,57.10278276,46.0116199,25.74493445,21.75381152,49.09502262,63.90758756,62.74147489,61.86997565,40.39361409,23.348804,6.849315068,46.01226994,21.66531202,11.83932347,20.3520352,38.31460674,58.68644068,57.99873416,39.74358974,41.46505376,72.46156057,4.524886878,37.99400572,63.21459801,57.78836819,14.99495119,63.35844379,63.2177671,37.63514842,64.20687988,60.37688859,22.61738262,20.74688797,62.47288503,65.44085457,64.52138493,60.25541796,52.14979196,58.95081086,57.07635009,18.20143885,53.29224448,52.78405589,62.15013468,48.95312711,26.25,49.96235885,25.91093117,22.14301145,33.85043755,11.14860115,37.93648513,42.75120267
cy,53.80105336,14.56953642,70.0887199,42.39815527,48.36601307,35.98971722,85.93617222,84.48663502,82.75248028,54.98874719,33.15488678,61.82940339,60.22727273,78.10988586,36.78609436,80.68443486,50.26418104,94.93146318,78.74887758,78.27359387,79.52419683,78.92054881,81.00709545,79.38293011,69.50028719,78.7028366,77.10829864,73.11389142,77.10916939,54.0384837,69.50121369,67.38329238,78.99860918,29.2508335,55.43722464,48.33795014,33.11258278,33.38391502,47.39764053,86.45833333,70.91243524,79.58779885,74.0685544,79.87174579,73.71319129,68.68394565,75.04532331,73.84878003,74.90295122,28.57802401,50,75.46091015,77.12073609,56.79622795,53.03933254,44.68433439,70.55591467,73.6787599,77.71711742,78.41489042,20.53399394,47.69725098,24.65753425,78.52760736,36.39483428,28.11839323,48.25204743,52.69662921,81.27648305,76.42754596,53.84615385,65.32258065,71.6022417,38.00904977,35.67296299,82.6896108,80.09884388,41.1814204,76.46228664,82.02037428,38.03813643,82.55860791,67.5950523,45.35464535,42.00092208,76.78958785,80.81604063,80.56672275,75.46439628,74.6185853,53.20759789,71.88081937,37.41007194,71.96070878,68.90281488,80.94624663,64.64271241,21.25,55.24884985,36.84210526,43.35709657,47.21559268,33.85350766,40.74579681,39.92232575
da,57.25926662,15.67328918,66.53992395,23.96617986,25.98039216,18.50899743,80.82334057,91.01299026,90.98829814,49.91747937,25.03798018,66.11805665,57.81499203,89.67885471,33.23873714,89.01915634,42.95683382,69.2381256,98.26399282,88.83031158,87.08824725,89.87438443,91.58617533,88.38294631,77.22162961,77.9053258,88.16942073,79.34811792,89.04095168,51.79168107,69.08621095,60.28869779,88.07371349,12.65934497,63.78490357,44.80609418,19.20529801,23.36874052,23.88965996,94.79166667,74.55745119,89.81038747,71.1438152,85.06891271,89.1070146,82.02063412,84.7713691,84.99452355,89.43922174,28.64550039,41.89189189,83.85064177,78.07450628,65.66478888,38.9749702,33.16279546,69.13380737,79.8054359,86.36821771,88.37519597,28.19065969,41.16387005,10.2739726,85.88957055,17.49300099,11.62790698,40.82630485,42.24719101,90.02471751,87.33848933,39.74358974,62.83602151,71.76031039,38.46153846,38.00794591,86.22692251,90.97167064,25.96768765,85.36283017,90.3432104,26.75447218,90.21993072,78.86020256,29.89010989,27.01705855,79.71800434,90.43866562,92.4129992,83.97832817,85.4368932,59.93638563,73.09124767,24.02877698,78.94196199,76.52558044,88.57594566,70.0729434,12.5,65.1861146,38.46153846,24.26009937,44.74940334,18.05145508,44.97772668,43.15555627
de,58.37225479,17.21854305,66.79340938,21.36817832,22.22222222,14.39588689,79.44009064,89.45166125,91.07733401,46.54163541,17.47088186,59.99366988,49.78070175,86.76242987,28.98190848,87.38180393,38.7199681,68.99107427,88.8855632,97.16046569,88.71492477,86.96178864,88.41611353,86.55669168,77.29547879,76.00821678,83.77412437,76.57198088,84.76050111,36.26569881,66.29864537,56.51105651,85.15299026,8.129044911,62.03133662,54.43213296,18.10154525,20.48558422,20.5759889,91.66666667,73.04713208,88.7510305,65.5085693,86.67687596,85.63562365,77.57926522,82.23326395,84.14800401,85.61807212,36.24369629,35.13513514,80.59509918,74.05745063,61.41240045,34.92252682,28.41502098,64.41499677,75.84254189,82.62220729,83.85202975,28.58060373,31.34594788,1.369863014,86.50306748,15.28944279,8.033826638,33.61447256,44.26966292,89.56567797,87.69354266,44.87179487,50.87365591,67.67064233,31.67420814,28.24980832,86.64103876,87.75924455,21.62571525,83.52054925,89.41364185,9.445645764,87.56948361,76.51502573,25.01498501,25.81834947,84.59869848,89.82575957,92.34924289,84.17182663,83.21775312,62.39584267,72.06703911,20.9352518,75.56882383,71.48140538,88.9506968,68.04673781,11.66666667,60.8364701,21.45748988,21.06286455,40.53301512,16.58934346,48.89351918,52.6346913
el,58.55112789,14.56953642,69.20152091,24.41199078,41.33986928,26.73521851,76.59805495,89.05820635,89.58280336,44.99624906,28.17767489,63.52270929,56.00079745,80.38788934,34.76410074,85.01788251,51.56016349,68.86356391,85.91240148,82.56387672,97.96665311,83.63837463,82.16525521,83.55560597,72.39271355,74.36486119,83.36627002,72.93669119,78.6988104,52.48876599,61.25597056,54.76044226,82.05841446,20.16081585,64.20505938,43.55955679,25.82781457,32.39757208,33.81332408,88.54166667,59.98076242,84.94229184,69.52309985,80.19716692,84.03160163,76.9124308,75.44483986,80.71356995,81.97932744,30.0447475,45.94594595,80.47841307,74.33797127,59.9360729,44.2193087,36.47805178,71.04072398,77.25494949,85.30152864,84.8894226,30.08532893,43.84148518,18.49315068,85.27607362,22.26135645,29.38689218,43.86994255,49.7752809,82.17249294,82.10839933,43.58974359,65.18817204,75.02802127,37.1040724,42.69882205,84.00455363,82.40225929,36.19993268,83.69409745,88.42722686,40.4069196,82.81640216,77.18744812,33.52647353,31.53526971,87.74403471,85.17642938,87.422297,83.0495356,85.29819695,58.62377923,66.66666667,29.20863309,75.32357473,75.68317239,88.58765663,52.97852222,11.25,62.76871602,38.86639676,27.97580471,43.1185362,28.86264586,48.27561431,42.13268552
en,61.16466263,14.56953642,66.28643853,26.4104535,28.59477124,18.25192802,80.73836276,89.05196103,90.84202493,50.68267067,27.67850684,64.06076911,58.80183413,89.68369124,32.60021284,88.11768164,53.72345728,70.62480077,91.5693904,88.61395392,87.55591704,96.0458747,90.2792401,88.42993956,75.98670715,76.72718485,87.15889501,76.99618751,87.44078324,53.42205323,66.95247044,58.96805897,87.10013908,20.51382624,66.82811543,47.64542936,17.21854305,24.12746586,25.39902845,90.625,74.14401188,87.92250618,75.59612519,85.97817764,88.4845583,80.08303976,86.9099577,84.78303931,87.77419204,34.05604091,43.24324324,82.47374562,76.89631957,64.04895191,47.43742551,39.864934,69.74789916,79.63466899,87.30052075,87.53794323,29.38801725,44.05569439,5.479452055,82.20858896,21.06926759,12.26215645,47.57975798,57.41573034,90.39106638,89.55371339,44.87179487,63.17204301,76.54835465,37.1040724,47.52213006,87.23334048,90.02735857,25.44597779,85.67559836,90.96012351,25.59465304,88.5200999,78.95566993,32.02797203,29.87551867,82.32104121,88.40731985,93.95200567,83.43653251,84.74341193,59.51079652,73.46368715,23.09352518,79.12044171,75.83727142,87.58051294,67.04714305,9.166666667,66.35717273,29.14979757,26.11795204,43.0389817,18.45915929,53.96608708,47.48038166
es,61.78078108,15.89403974,65.90621039,20.67640277,25,24.16452442,79.35039184,87.23457407,90.29509031,47.45686422,25.86269261,64.0765944,57.55582137,95.65196363,33.16779,89.50075939,52.77639318,66.53649984,90.79118029,83.86048643,86.94591297,88.26007953,95.47951476,88.3310917,74.85845573,78.2104341,85.53728854,76.0725984,90.96536478,59.6266851,68.54200924,55.8046683,89.67315716,16.04236125,60.56370904,36.91135734,20.97130243,25.64491654,28.74739764,92.70833333,69.02411448,88.94064303,69.76527571,86.79173047,84.72587982,77.49119275,86.2955751,83.46810841,90.67396286,23.79430357,36.48648649,80.89848308,77.58078995,61.91216204,44.81525626,33.80742863,68.64899806,78.85464982,84.67159415,85.55655626,29.67703459,37.48661192,8.219178082,85.27607362,18.64896595,11.62790698,41.43136536,43.59550562,88.61228814,84.72653175,34.61538462,58.46774194,74.03937347,37.1040724,38.21007876,87.63095808,92.9044215,28.23964995,84.59807381,89.91363216,24.00235895,90.21187465,79.57828325,29.4005994,27.66251729,79.28416486,90.56124683,89.84857877,81.81114551,84.04993065,52.27130185,74.39478585,23.45323741,77.22008218,73.87507705,87.2935941,65.01418344,15,65.72145546,26.31578947,25.14581983,43.1185362,21.62238155,48.22531973,37.8382266
et,62.43664911,20.08830022,68.82129278,37.92467333,47.87581699,37.53213368,76.33840053,87.07219585,85.80513864,52.37809452,27.90277074,60.08862162,64.64314195,73.37009093,38.87903512,87.36710597,51.83929818,61.5317182,86.95001497,80.36138131,77.42984953,82.32428304,75.43144884,96.79797767,77.06162304,73.92381355,90.50582349,76.40015035,75.6269081,50.01152206,60.51601284,51.47420147,74.40890125,24.73033928,65.91194235,40.72022161,30.68432671,30.57663126,35.28799445,89.58333333,71.63637591,87.00741962,77.30067064,83.19295559,87.74239885,80.62405637,84.14020009,82.94784554,78.02722043,38.92321898,40.54054054,82.95215869,76.6943447,62.93994031,53.15852205,46.58753709,75.66257272,78.51862461,85.96505963,87.93822342,35.37480503,48.30417708,15.75342466,88.34355828,30.92206267,27.06131078,53.10475492,52.24719101,80.86158192,83.17973417,42.30769231,71.16935484,74.64865642,46.60633484,41.82755977,84.37907311,79.64875121,37.83237967,78.51625822,88.19402725,38.77530961,86.95722227,77.28706625,46.67332667,40.66390041,73.96963124,86.93634533,89.06402196,85.41021672,84.18862691,62.57503808,65.92178771,46.47482014,79.27709296,77.05979043,86.92469844,67.03363501,21.25,63.73065663,42.10526316,35.29920069,51.67064439,26.69759595,58.26268142,52.09768416
eu,62.47639869,15.89403974,61.34347275,40.9377402,39.37908497,41.1311054,63.48314607,74.57531851,68.81200712,53.35333833,29.7692252,52.91976579,66.61682616,57.9851035,41.22029088,74.0331194,46.66533745,53.54638189,66.52698793,66.31708048,65.33143554,65.77041582,62.00503548,79.37482783,95.74136375,63.94888681,79.20643597,62.51409547,61.17486051,44.9648577,53.71153394,48.83292383,68.70653686,30.77073936,59.21570916,41.27423823,32.00883002,35.43247344,33.29285219,80.20833333,68.71192561,74.58779885,65.91840537,69.6305513,80.8474982,77.40312028,71.45303163,65.18666542,65.52078949,39.19490021,39.18918919,84.03733956,66.15798923,65.417557,51.96662694,47.20147345,71.10536522,68.05667258,80.93398287,79.78251443,27.87870447,46.05498036,23.97260274,78.52760736,35.46464373,26.42706131,49.44383327,48.31460674,63.45338983,61.81787308,41.02564103,65.79301075,65.13866935,37.1040724,37.40851746,73.82653314,69.54372959,35.29114776,68.8814723,74.85061659,40.80007863,75.85595746,67.27129338,41.88811189,45.50484094,66.9197397,74.52061991,66.62888515,86.53250774,82.38557559,53.0821611,56.61080074,44.82014388,75.70621469,75.34415451,74.55791076,64.44009185,27.91666667,63.75575073,43.31983806,37.61071506,54.33571997,28.44088289,49.03003305,46.94657099
fa,64.27506708,20.08830022,69.70849176,40.84550346,41.83006536,37.53213368,81.69672363,78.88458656,83.45204782,61.14028507,34.44259567,57.38249723,62.41028708,74.99516347,33.59347286,80.30032825,51.23118333,72.05929232,81.14337025,75.4297068,66.69377796,77.06659995,76.72922866,83.51509455,72.24091245,91.42977978,79.81191047,73.38774634,73.70038951,52.96693167,66.52180722,54.66830467,74.86091794,22.61227692,62.85414174,50.20775623,32.45033113,31.03186646,33.32755031,89.58333333,79.18965895,81.53338829,68.87108793,70.96094946,79.48288245,76.42174132,76.06257974,82.31630584,75.9552874,31.76006819,44.59459459,78.49474912,78.9048474,62.59734756,46.72228844,41.59418807,65.0937298,73.47163617,78.54023182,79.95596918,30.2091935,45.44805427,15.06849315,84.04907975,30.51566874,24.94714588,47.82422687,51.12359551,75.71062853,79.60295775,48.71794872,63.91129032,71.63385544,37.1040724,39.61106852,82.69291053,77.84838055,37.86603837,79.18565843,81.45966163,35.05012778,77.23354548,73.95400963,39.38061938,38.26648225,73.64425163,82.47088696,80.50650846,82.00464396,82.10818308,53.58390825,78.95716946,39.20863309,76.89522342,76.97760427,79.97423586,74.38200729,19.58333333,57.00543706,35.22267206,35.70965651,52.2673031,30.78869675,45.40163817,41.20890537
fi,66.39173209,14.56953642,66.15969582,34.20445811,51.79738562,35.47557841,70.66849212,83.43742193,80.36123124,52.97824456,28.7708891,57.99968349,64.62320574,63.66802089,38.59524654,81.26843369,46.60552288,57.28402933,79.14795969,69.87097914,72.06181375,73.88539225,65.60540169,89.9758552,77.44727989,67.55581065,93.76585516,69.41416528,68.98410359,50.11522065,57.68929606,49.81572482,68.28929068,24.83820357,64.44723252,41.82825485,27.15231788,36.49468892,32.80707842,83.33333333,70.17330701,81.66117065,70.92958271,76.09111792,88.62820206,80.2591847,77.45249446,75.55813195,73.17244282,44.12955466,45.94594595,84.14235706,70.56777379,64.3968425,53.99284863,47.27309936,79.37944409,73.64240308,87.10734084,87.48123687,29.64033398,48.66119243,19.17808219,87.11656442,29.44098257,29.17547569,51.76628774,50.8988764,69.84904661,75.06908103,43.58974359,73.11827957,68.44948987,37.1040724,36.92758068,79.45257462,72.14720678,38.95994615,71.81653476,82.92281157,40.02358954,81.17296383,74.91698489,46.25374625,39.41908714,68.87201735,81.7091323,79.83883822,87.69349845,86.26907074,58.30122749,62.75605214,41.00719424,77.5,78.62132731,82.45110669,66.05430231,13.75,61.66457549,49.79757085,36.91942104,52.18774861,30.61999156,54.64147148,55.93824418
fo,66.51098082,21.63355408,69.32826362,32.89777095,47.05882353,24.93573265,73.86932301,82.06969773,85.20732638,54.91372843,30.47095421,64.40892546,60.84529506,81.40839621,41.04292302,81.01415903,56.50483501,66.77558177,87.52868403,83.2014277,77.42984953,86.3916467,83.40581369,83.91048597,75.35078362,75.2197686,81.8918275,91.4138431,80.57269186,63.45777163,63.13914337,59.36732187,79.10292072,34.2125907,64.42389053,51.93905817,34.21633554,32.70106222,40.111034,80.20833333,70.72343442,82.16817807,72.93219076,73.55474732,81.23054824,80.02013085,79.769019,86.45102654,83.21406857,37.4831309,44.59459459,78.29638273,72.84560144,61.48833595,54.23122765,46.16801392,70.16806723,75.41507376,83.24374265,83.15487508,29.05312414,48.51838629,20.54794521,80.98159509,32.94500135,20.93023256,50.77618873,58.87640449,83.1920904,83.91454021,47.43589744,65.59139785,75.39589021,38.00904977,44.03011082,82.0577123,84.3438355,37.47896331,80.27462573,83.63210015,35.11893061,81.29380488,74.85887432,46.48351648,42.64638082,72.45119306,82.28701515,87.26290623,75.23219814,82.80166436,60.68004659,76.0707635,40.9352518,74.01001541,72.78611054,82.00023422,69.23544509,28.75,63.04475115,41.29554656,36.66018579,50.03977725,33.74103754,50.67538439,44.93918714
fr,71.02255789,14.79028698,69.32826362,24.50422752,26.14379085,35.218509,83.13190445,89.52035973,90.91198168,48.94223556,24.74860739,67.71641082,53.62838915,92.45985684,30.89748138,89.7496448,43.27584488,69.2301562,90.20253417,85.51427833,88.04392029,87.58591631,93.41268025,87.4900747,75.93747436,78.62429387,86.51978304,75.65376148,97.1344352,68.19334025,69.35243912,60.01228501,91.55076495,11.55128457,60.16105973,39.54293629,20.30905077,26.10015175,27.61970854,94.79166667,73.69682242,89.5012366,65.11736215,86.30359877,87.23964568,76.83694011,84.84187202,83.17913822,91.7122679,32.28744939,35.13513514,82.94049008,78.88240575,64.2626309,35.04171633,29.4894096,67.25921138,79.55314156,86.92256005,87.72807632,28.42921369,38.95037487,13.01369863,83.43558282,17.39366025,19.87315011,41.24190197,32.35955056,89.00070621,84.32053598,48.71794872,53.15860215,71.50165254,38.00904977,36.94849097,88.05332365,92.25134587,32.48064625,87.06970535,91.37613612,17.9280519,91.0899863,80.57446455,26.95304695,26.87874597,78.30802603,90.84143245,89.63959975,83.51393189,83.63384189,56.2539199,72.81191806,22.8057554,77.88392399,75.20032874,88.85115353,67.47264622,15,67.03471351,26.31578947,24.58414344,42.99920446,19.40109658,51.62379652,44.09052406
fro,71.27099275,8.167770419,48.28897338,38.32436587,24.50980392,24.16452442,66.20243603,67.79915064,72.49427627,41.18529632,13.43413152,47.34926412,43.18181818,76.92977365,20.148989,68.79721719,57.26248629,56.27988524,74.19934151,70.73666584,72.85481903,73.42980539,78.01327535,66.14055841,59.62501026,65.42609431,66.33729975,62.47113784,79.3072955,93.27111418,46.65648735,42.75184275,71.62726008,38.10551088,56.33589123,34.62603878,15.01103753,16.76783005,16.11727967,62.5,58.31519263,72.01566364,52.3099851,62.46171516,64.66363419,61.55007549,66.920701,70.63340402,72.61119686,31.040912,32.43243243,58.49474912,59.90798923,50.26754022,30.27413588,26.63460555,49.35358759,65.34974165,64.13572988,65.16561593,41.85705111,27.27597287,19.17808219,51.53374233,28.11342906,15.6448203,25.36364748,40.33707865,73.05349576,69.59971596,41.02564103,40.18817204,67.4579681,2.714932127,40.44748031,67.2600683,73.10916953,19.7071693,69.08362735,68.75706543,37.7629251,70.65979215,64.17482982,23.04695305,20.00922084,66.48590022,74.10909728,76.84406269,62.03560372,58.39112344,52.18618403,53.25884544,23.45323741,57.15973292,55.01335525,66.66471484,54.1672295,25.83333333,46.66666667,15.78947368,26.830849,36.43595863,18.34668916,33.45308234,36.36784989
ga,71.87717381,16.33554084,69.96197719,46.22598002,51.79738562,43.18766067,83.69842319,79.14064452,78.67590944,59.2048012,29.06026188,61.71862636,60.30701754,79.70593925,39.30471799,78.14168831,43.85405244,77.8928913,77.89085104,76.17966136,77.51118341,75.33115635,82.39642939,75.65912074,68.14638549,79.72691297,73.84686541,70.57402137,76.43330877,49.08399585,86.04651163,77.05773956,80.91098748,29.05471661,58.474601,44.32132964,46.35761589,33.9908953,57.21721027,80.20833333,69.71936752,77.27122836,69.29955291,77.143951,71.75005985,68.24358329,78.5973276,71.17697094,73.5559609,36.09098658,50,75.55425904,74.86535009,60.51000406,51.13230036,44.91967666,64.05946994,70.02214461,76.38165631,77.74775676,32.14056335,49.87504463,19.8630137,79.14110429,36.66576357,38.90063425,52.49358269,48.98876404,79.50211864,74.51334537,46.15384615,60.61827957,67.31426929,39.36651584,32.04851188,82.50812559,80.59306328,46.36486032,76.79031181,80.73163957,35.67918223,79.95649722,65.33704134,45.004995,40.11065007,79.82646421,78.45197443,78.66111751,78.09597523,76.83772538,58.65513843,71.13594041,51.79856115,73.72752953,70.22806657,79.85127064,65.50047278,21.25,58.57800084,40.48582996,40.80794988,46.26093874,33.13651061,48.95818365,49.58845435
gd,72.9603498,20.08830022,68.44106464,47.04073789,48.36601307,39.84575835,81.56925692,79.72145891,76.62808446,49.40735184,30.26839326,60.92736192,58.36323764,74.54053008,38.80808797,78.65170741,47.7419998,76.99234938,77.95071336,76.46489501,79.13786092,75.03752666,78.65415427,76.78533811,65.869369,77.25583784,74.39487589,71.24523439,74.56784925,48.73833391,76.6189022,93.27395577,77.64255911,29.39792116,59.25947539,48.26869806,42.60485651,34.52200303,52.02984039,86.45833333,60.5022022,74.04369332,70.9109538,78.54134763,69.21235336,68.13034726,74.21271738,73.07450304,70.79182452,38.56097734,44.59459459,73.27887981,73.58617594,58.85178448,50.41716329,45.01176711,65.41693601,68.75957121,77.22996808,76.67700724,31.60840444,49.30382006,23.28767123,72.39263804,34.9047232,34.03805497,51.64405329,51.01123596,77.76747881,72.67169916,44.87179487,61.62634409,70.11352206,37.1040724,40.35686903,81.3680685,77.91015797,44.96802423,74.40259369,79.24652623,33.47749165,80.32707645,64.29935248,44.27572428,39.74181651,76.13882863,72.68190176,78.93562384,76.70278638,74.47988904,57.10061822,68.34264432,48.1294964,71.70775552,67.5364701,78.70945076,55.95029042,24.58333333,56.4951903,43.72469636,38.08597969,43.99363564,32.54604246,48.85759448,51.5734629
gl,73.3081586,14.56953642,65.14575412,30.74558032,32.84313725,24.42159383,82.12633368,87.85910567,89.46196896,51.9579895,28.76365478,66.16553252,58.04425837,87.3573225,28.73359347,87.63705845,49.51649885,67.06248008,87.77811035,83.26569489,87.59658398,86.53516973,86.57816434,85.31380143,75.75695413,78.87502643,84.41323635,76.83509639,88.28087167,63.96474248,69.18017383,58.69164619,93.84561892,22.41616003,59.38202083,47.92243767,25.82781457,29.21092564,33.39694656,90.625,71.8388768,88.33470734,73.24888227,83.03024502,84.67799856,78.10770005,83.87497482,81.97198853,88.59735279,19.98366361,35.13513514,81.13185531,79.37612208,62.4649019,42.66984505,36.18131587,69.45701357,80.03900096,85.36872165,86.46052237,14.30865217,38.77186719,16.43835616,80.36809816,25.16029983,19.66173362,42.59870431,53.14606742,87.62358757,83.18590901,43.58974359,62.3655914,73.68012645,37.1040724,41.08175925,86.75157975,90.89224252,31.77381353,84.49508916,89.16300072,20.98486338,87.61782003,78.38286568,32.11788212,30.29045643,79.71800434,89.83451537,87.66138316,81.57894737,79.61165049,49.25185915,71.88081937,26.90647482,76.79378531,70.72118348,86.64949057,64.62920438,18.75,63.77248013,34.41295547,33.20371571,43.55608592,21.53802896,36.99525794,32.82775815
got,73.44728212,3.973509934,38.91001267,43.82782475,20.75163399,25.19280206,49.62232084,52.96027979,55.64105825,38.84471118,13.1302901,36.65136889,37.36044657,50.10640356,21.03582831,54.28298467,50.21433556,41.09818298,50.82310685,38.8918903,41.98861326,47.88138941,51.33440146,49.53249826,45.85213752,53.11603178,51.17520918,48.8965258,50.21160122,47.58612743,37.20147209,36.7014742,49.23504868,93.62620122,50.91179646,25.06925208,23.8410596,14.79514416,17.57460097,44.79166667,45.20663528,57.20939819,42.67883756,42.34303216,50.37107972,47.19426271,55.4488686,50.32567407,46.84532997,16.26180837,28.37837838,46.51108518,49.3043088,41.46608508,23.36114422,21.0887138,41.72592114,49.05417167,50.47875021,51.54608226,19.57977796,24.45555159,18.49315068,34.96932515,21.44856859,26.6384778,22.1060995,32.80898876,50.20303672,49.11931336,33.33333333,38.50806452,53.90142262,2.714932127,29.20471179,52.44592566,50.44567999,23.32547964,50.14780204,52.42404863,32.41596226,55.32909047,45.32624938,27.92207792,19.91701245,49.02386117,57.39427371,51.4849907,41.09907121,38.83495146,34.71463131,41.99255121,23.38129496,46.64997432,48.59256215,49.97072257,41.44265838,33.75,47.10999582,23.48178138,28.38626053,34.24821002,15.04287924,17.13608277,16.38990554
grc,73.96402663,29.13907285,61.72370089,38.86241353,41.66666667,30.84832905,65.25351714,75.31851112,64.88170949,43.73593398,28.58279679,47.12771008,56.40948963,54.20777713,40.19155729,70.12150311,58.84757253,57.89767294,61.64820912,61.26250458,63.29808865,58.34013641,54.45181964,70.02641344,63.29695577,64.3959762,70.27288399,59.22246684,57.25444784,49.44117986,52.38822332,49.23218673,61.57858136,33.89880369,89.56321302,47.2299169,26.49006623,36.41881639,27.08188758,72.91666667,47.81214668,64.80626546,62.92846498,61.39931087,69.37993775,67.14896829,59.71261667,63.63403323,56.62504092,44.28048867,45.94594595,71.01516919,61.95017953,55.50532432,45.88796186,45.43129029,64.54427925,68.83779347,77.35595498,74.50882284,48.00899165,46.0906819,18.49315068,75.4601227,29.63966405,21.56448203,46.74245202,45.28089888,57.08862994,59.85118634,51.28205128,61.76075269,68.00977152,37.1040724,37.2272949,70.34036726,59.73876975,29.70380343,66.32402022,71.14978392,42.90347946,67.33263514,58.18113897,37.42257742,44.67496542,63.34056399,63.29568339,62.93633224,68.73065015,75.31206657,61.12803512,57.63500931,44.38848921,66.46379045,72.68337785,72.59632275,44.83992976,27.91666667,63.69719783,49.39271255,27.75977533,45.94272076,30.39505131,60.23135508,56.64626253
he,73.98390142,16.99779249,64.51204056,24.0584166,22.22222222,16.96658098,77.35341328,78.49737697,82.14830832,50.65266317,21.10974463,56.68618452,44.95614035,71.47900948,27.13728272,77.66008525,40.34493071,62.28084157,80.42502245,70.52542907,67.42578284,76.56229426,74.54566262,81.41822366,76.16722737,75.4312298,80.51549426,70.77270042,71.3211917,50.63371356,58.69548195,51.25921376,76.14742698,13.65954109,45.42934672,44.80609418,21.41280353,22.0030349,21.80777238,93.75,75.16495385,77.93899423,61.19597615,65.75421133,77.04093847,69.57725214,80.04431612,80.9833143,75.06197091,39.35471269,36.48648649,77.2462077,74.24820467,60.24334681,35.04171633,28.99826051,59.98707175,73.50689127,80.96757937,80.13609527,44.27011652,29.66797572,8.219178082,81.59509202,17.99873566,9.513742072,31.96430754,42.58426966,73.7332274,75.72052671,41.02564103,52.21774194,66.16755281,43.43891403,41.61148672,78.87347181,78.58970965,23.61157859,76.46610089,80.28009793,12.05032436,78.02304036,72.48879296,24.82517483,27.24757953,73.86117137,78.86349707,79.32170371,82.12074303,81.4147018,69.16046949,79.23649907,21.8705036,71.83615819,70.20752003,78.84998243,70.94421181,11.25,64.39983271,22.26720648,24.43292288,39.89657916,17.48910446,57.73099583,60.48202784
hi,74.023651,16.33554084,60.07604563,21.69100692,22.87581699,16.19537275,73.88820697,80.49587809,81.25158993,61.18529632,22.22382985,49.48567811,53.88755981,68.71251693,26.95991486,78.82906276,35.05134084,59.35607268,74.94762047,69.3916637,69.4794632,75.85916309,70.20828565,80.96773671,78.75605153,78.116787,80.32488192,64.87676529,67.05547952,43.96243807,56.4756088,49.14004914,70.68845619,8.570307904,54.89452339,42.17451524,18.54304636,23.21699545,25.27758501,81.25,93.74272262,79.75680132,64.22317437,75.37327718,82.09241082,74.89934575,76.61988854,70.36657267,68.05575043,29.29185311,37.83783784,81.99533256,71.77962298,57.80811274,34.32657926,29.69405505,64.86748546,69.33907698,81.25314967,80.1961373,18.42829617,34.30917529,2.739726027,82.20858896,16.31897408,9.302325581,36.2852952,47.97752809,72.33845339,72.40463731,39.74358974,57.93010753,63.60971404,42.98642534,35.81933505,81.13048787,71.53825788,21.6762033,72.11595308,82.86144325,13.97680362,78.90920809,71.25186784,26.21378621,26.92485016,68.54663774,79.94921636,77.42672452,85.68111455,85.4368932,52.84920706,71.32216015,21.29496403,75.39804828,75.75508527,80.76472655,89.70687559,10.83333333,60.61898787,23.48178138,24.92979045,52.78440732,19.26050893,42.05345596,37.10144001
hr,74.63976945,15.89403974,68.94803549,32.4980784,38.39869281,37.01799486,82.3434992,91.64376717,92.61002289,49.22730683,28.21384649,62.16173445,61.11443381,85.54362546,35.40262504,94.76703738,48.94826039,67.9470832,83.80724334,83.16686169,85.80723871,83.71079451,87.77752346,85.69947011,74.97743497,79.3946168,83.18546861,77.27004242,84.22991894,54.29196912,65.4138282,57.67813268,86.02225313,16.49343008,62.10136259,44.80609418,28.25607064,31.94233687,35.6870229,85.41666667,67.83779679,98.27287716,79.36847988,83.82465544,84.70193919,77.70508304,81.2562949,79.85889399,83.18132922,30.11577527,36.48648649,79.43990665,78.51211849,60.73957653,44.93444577,39.62959173,71.65481577,77.42791984,86.14984042,86.49387905,26.98871456,45.73366655,17.80821918,87.11656442,23.6882507,28.75264271,47.21916636,43.48314607,83.71733757,78.95151206,42.30769231,65.52419355,76.76102888,37.1040724,39.63197881,92.25883091,84.61742123,35.77919892,82.4678173,91.41941694,35.60055042,94.95690002,87.00398473,35.34465534,33.7021669,75.1626898,97.5308642,85.39803418,84.75232198,82.38557559,63.36349789,70.94972067,33.09352518,75.9039548,72.17998767,93.21934653,65.04795353,20,66.49100795,41.29554656,32.20998056,47.89180589,28.48305919,45.56689179,41.18812831
hu,74.65964424,16.33554084,61.72370089,31.0991545,38.39869281,29.56298201,69.21914833,77.31076692,74.28771305,53.09827457,26.96230919,59.72463997,62.16108453,76.14142,40.54629301,78.95056587,48.87847672,54.89321007,77.65140178,76.95547641,79.19886133,77.02973165,76.1341268,87.62781352,73.69738246,69.19010362,85.12382794,67.38441712,75.93009791,55.11003572,59.83086681,54.36117936,77.39916551,25.6422828,55.88947568,45.70637119,23.62030905,33.30804249,33.46634282,85.41666667,73.86557316,78.87881286,69.6814456,97.33920368,85.68350491,75.86814293,76.59638756,73.51378434,77.61564005,30.22409262,37.83783784,80.91015169,69.96184919,59.1378671,53.6352801,44.08063031,74.43438914,71.30234557,79.67411389,81.76056573,32.84705019,47.62584791,18.49315068,87.11656442,29.60354014,23.04439746,50.92898179,55.50561798,77.01271186,74.64147332,44.87179487,69.69086022,65.60425348,37.1040724,39.31832439,77.93469832,79.11923043,33.49040727,72.44397826,78.71165287,40.86888146,78.69169419,71.93674249,44.74525475,50.0230521,80.04338395,80.06304177,78.85769946,82.73993808,82.10818308,45.21548248,63.87337058,36.61870504,80.37878788,71.27594,78.54549713,69.41104957,22.08333333,59.85780008,33.19838057,34.7375243,51.78997613,27.99100239,48.30435407,40.92601768
hy,74.76895558,14.56953642,69.58174905,7.040737894,25.16339869,11.56812339,78.57614956,91.91856108,90.33324854,53.6384096,17.1887434,65.50087039,59.46969697,82.32249952,33.23873714,88.7114791,44.36247632,65.34109021,86.63074928,84.08017268,86.90524603,84.72467279,83.2089723,86.13537295,79.0432428,79.22846872,86.27591137,76.50754443,82.56869144,47.85689596,62.4265915,56.94103194,83.55354659,6.50127476,67.38540542,43.69806094,14.79028698,22.76176024,19.63913949,91.66666667,75.74714389,88.62324815,69.54172876,85.72932619,97.03136222,84.47408153,80.47069093,82.20677682,82.91006033,30.33951275,43.24324324,86.25437573,77.9061939,64.10193017,38.25983313,33.01954364,67.71170006,79.84619961,89.00554342,90.04636579,26.33727865,40.73545162,1.369863014,83.43558282,14.74758421,7.610993658,40.91186896,40.11235955,85.29749294,82.52056994,48.71794872,58.13172043,73.63126886,37.1040724,36.13298948,86.3374635,84.60859589,19.84180411,82.36673977,92.10286622,23.68783173,89.53516475,80.76955006,23.73626374,26.83264177,75.81344902,89.69442255,87.54803861,86.91950464,85.57558946,67.46259296,71.7877095,20.86330935,79.33615819,78.11793713,91.03525003,70.5794948,4.583333333,66.37390213,25.50607287,16.33182113,51.31264916,15.35217208,48.18221009,43.52315044
hyw,75.38507403,14.56953642,69.83523447,29.33128363,31.8627451,21.33676093,77.64611463,89.70147389,86.29483592,57.76444111,30.71692107,65.40591866,65.41068581,80.01064036,38.06314296,86.01195434,52.52716579,63.80299649,84.84485683,83.94037234,87.57625051,82.95894451,80.86289769,84.55704818,80.65561664,74.91163943,84.52956594,77.92514632,79.2104432,58.2555594,61.52611385,56.75675676,80.945758,24.5342224,68.38327546,57.34072022,22.73730684,28.67981791,29.84038862,85.41666667,74.85614,86.85902721,76.35059613,83.74808576,90.20828346,93.94816306,80.70570066,79.48369882,80.88957486,35.23332623,43.24324324,84.98249708,76.68312388,62.14703233,51.48986889,44.22388212,72.20426632,79.024315,87.21652948,87.52460055,26.84649968,45.16244199,11.64383562,84.66257669,28.2127698,12.47357294,47.56753453,56.74157303,81.91207627,80.63724355,53.84615385,67.47311828,76.9995689,37.1040724,42.97065589,83.68117998,83.07298561,26.53988556,82.10164966,89.08742079,39.42402202,86.16772738,78.0175992,35.01498501,34.20931305,83.51409978,87.10270554,86.24103427,84.24922601,80.16643551,59.87814712,68.90130354,30.79136691,78.06497175,76.10437641,88.44712496,68.10752398,16.25,65.00209118,38.46153846,31.3242601,57.79634049,24.84183889,48.48397758,41.70116192
id,76.40862566,17.21854305,66.92015209,38.35511145,39.86928105,43.70179949,80.3134737,79.87134649,82.01475452,54.65866467,31.71525718,60.27852508,59.29027113,82.91255562,31.57147925,79.54191367,45.52886053,65.28530443,81.93155742,75.52777187,78.9548597,82.44410502,86.07919432,79.97925815,71.88397473,77.44313204,79.12094073,69.54303818,81.96862828,47.0100242,68.82781301,59.58230958,86.16133519,16.8072171,56.44968342,34.90304709,29.58057395,31.25948407,34.48993754,87.5,77.30471321,79.6084089,60.52533532,78.0245023,76.44242279,71.43935581,91.85859128,75.93099671,82.68556195,21.32963989,37.83783784,78.84480747,76.21184919,63.51387147,44.81525626,37.52174358,61.57078216,73.90571463,81.30354443,81.75389439,18.40077071,44.84112817,20.54794521,76.68711656,23.79662241,25.36997886,46.01515707,36.17977528,83.43485169,79.94257398,42.30769231,59.74462366,68.01551947,45.70135747,36.50937478,82.54277276,87.34445327,37.27701111,78.7699056,84.14371814,38.76548064,81.3421413,71.61298356,36.72327672,30.10603965,73.7527115,81.27134226,83.17896042,80.53405573,80.58252427,48.36932175,73.27746741,38.84892086,74.82152029,75.70371892,80.66518328,69.35026341,23.33333333,67.91300711,34.00809717,32.75005401,42.44232299,25.37607198,40.95416008,33.95451422
is,76.45831263,15.45253863,70.84917617,30.45349731,47.87581699,37.01799486,79.21348315,86.79115663,87.68125159,59.02475619,32.47486074,61.79775281,63.08811802,82.66589282,37.67293366,84.5661653,53.9128701,66.87121454,89.61388806,82.74669254,80.50020333,88.40755273,83.61181048,86.65878044,79.53146796,78.34939431,84.80006727,83.89088761,83.56458575,58.58969927,66.76062955,56.78746929,80.73713491,26.60325554,64.02415896,45.63711911,31.78807947,31.94233687,48.56002776,85.41666667,77.35027591,85.97691674,75.51229508,77.17266462,86.59324874,79.93205838,84.43228362,95.64447345,84.58912118,43.96441509,52.7027027,81.79696616,78.5570018,64.3297367,52.681764,47.08891845,73.98190045,75.76652308,85.90626575,85.32639514,46.00422057,49.83934309,24.65753425,87.11656442,27.54447756,28.32980973,52.83583914,57.64044944,86.85116525,86.36749564,43.58974359,66.80107527,76.26095703,38.91402715,46.63692758,84.16459059,86.6472509,42.22484012,81.99103652,87.61974897,37.40908197,85.99854991,76.80557862,43.87612388,39.55739972,80.80260304,87.22528675,89.9389002,83.90092879,84.46601942,68.22865335,79.98137803,37.62589928,77.29070365,76.94678447,85.90584378,72.74078076,18.33333333,64.09033877,43.72469636,39.92222942,50.23866348,34.33150569,60.56186234,60.43248254
it,76.65706052,14.34878587,64.89226869,21.79861645,26.14379085,19.79434447,81.38513832,89.08943293,90.68939201,48.29707427,23.17876004,64.82038297,55.24322169,93.70284388,30.89748138,89.06031062,51.5501944,66.40898948,91.57936745,83.44031729,87.1899146,89.09883338,93.98031586,87.8676411,77.09854763,78.27991421,86.0208272,76.91564195,92.1654911,62.66274916,65.21024195,57.4017199,89.5340751,12.04157678,64.0445832,40.78947368,20.30905077,23.89984825,26.68285913,92.70833333,69.81386794,89.04781533,73.835693,86.31316998,87.55087383,79.20231505,86.40636541,84.0489618,96.30513072,23.85645287,39.18918919,82.81213536,78.24281867,63.52270118,39.80929678,32.7739691,69.90950226,79.81094451,85.75508147,87.09429934,26.67675934,37.37950732,6.164383562,85.27607362,20.31969656,9.936575053,39.40227356,48.65168539,89.38471045,84.72190062,42.30769231,57.32526882,76.91047564,37.1040724,36.36997282,86.86212074,92.82499338,30.73039381,86.3640698,90.53119126,20.06093965,89.74462257,79.10094637,23.6963037,27.61641309,81.23644252,90.86769985,91.08828478,83.66873065,85.15950069,55.75665263,72.34636872,22.30215827,76.95428865,73.42305322,88.05480735,66.02053222,11.66666667,66.54119615,25.91093117,25.40505509,45.18695306,18.07957261,50.82626814,39.89195928
ja,76.90549538,28.25607064,49.42965779,38.64719447,34.47712418,41.38817481,52.66735908,62.57182113,55.13228186,41.89047262,27.45424293,46.3997468,58.1638756,46.05823177,33.73536715,61.09744745,39.49755757,48.35830411,54.27516712,55.66997903,54.94103294,47.68783083,48.15976196,67.03343002,68.38434397,51.8351811,69.11799745,51.14643183,47.20286346,30.04954488,46.78960144,38.57493857,51.59944367,15.35595215,50.24363201,34.48753463,39.29359823,28.14871017,33.88272033,69.79166667,48.23064851,57.47732894,54.59202683,61.17917305,67.00981566,62.30498239,59.06801853,54.36892638,52.0415322,92.63619575,44.59459459,71.9369895,54.58931777,64.54518163,42.78903456,39.752379,60.66580478,53.51834918,69.70435075,69.62874012,46.10514726,42.16351303,19.8630137,77.3006135,29.80222162,39.32346723,41.34580125,34.71910112,49.84110169,48.55894657,37.17948718,57.19086022,55.21770369,18.09954751,16.79096675,60.54346571,53.27861619,41.02995624,55.37522647,62.70098125,32.98604285,62.32981552,46.62958658,35.05494505,36.42231443,51.84381779,57.98091235,52.61312317,75.89009288,71.84466019,52.29370128,50.37243948,32.01438849,65.39548023,65.40990343,63.16313386,46.36633797,21.66666667,50.63153492,30.36437247,32.05875999,40.97056484,28.7642345,60.40379365,66.21489875
ko,76.95518235,17.66004415,57.66793409,37.46348962,39.05228758,44.47300771,57.26560287,63.67724207,60.76698041,45.58139535,29.176011,54.61307169,56.39952153,50.57071,37.42461866,60.82504532,45.22978766,51.09977686,63.7234361,58.91688025,57.5843839,61.65696679,52.64820325,67.76263551,65.69705424,60.04893816,67.62533462,55.11464318,53.55511106,41.47367208,46.34327774,46.22235872,60.53546592,20.47460286,54.7457182,41.89750693,36.42384106,31.18361153,35.60027759,85.41666667,52.6181677,57.08573784,54.19150522,55.72358346,66.24371559,61.85203825,62.33129658,61.40500105,58.70632805,55.5419419,50,70.64177363,62.41023339,82.51187596,48.51013111,45.10385757,57.53070459,59.93147289,72.73643541,69.55201975,38.88888889,48.0185648,24.65753425,79.75460123,29.36873476,43.34038055,49.14435888,41.12359551,55.90572034,58.94965961,50,55.51075269,56.33280644,37.1040724,32.98250505,61.69507185,63.05709999,38.99360485,60.50538762,66.41279562,41.17357971,61.37114316,51.29088494,41.73826174,40.52558783,54.6637744,56.86016986,64.04321261,76.39318885,76.28294036,52.10106621,58.93854749,38.70503597,65.6587057,60.21162934,64.70898232,49.60826692,30,57.19782518,38.46153846,31.86433355,46.85759745,31.68845775,58.3489007,61.90445748
la,77.45205207,15.45253863,68.82129278,44.67332821,43.46405229,35.47557841,81.2623926,89.05820635,87.73212923,52.48312078,27.87383347,59.78794113,64.70295056,76.20429483,36.32493792,86.32551075,55.71727644,65.08606949,85.68292926,78.18192991,74.94916633,81.54346509,79.76653696,85.54228582,78.95708542,75.71821285,84.91779843,75.62154325,78.13664596,61.2282521,64.13749902,55.28255528,81.74547983,36.5365758,70.53657398,47.78393352,35.7615894,33.08042489,39.29562804,89.58333333,67.02779325,86.26133553,75.98733234,74.50229709,86.35384247,81.63059889,81.97139596,81.59154995,77.95238763,36.46388238,43.24324324,83.1621937,77.74910233,62.99291857,52.20500596,46.30103346,73.04460246,92.88067249,88.25802117,89.12572134,38.16405175,47.26883256,28.76712329,88.34355828,32.77341281,24.10147992,50.77618873,56.62921348,79.56832627,81.51715834,44.87179487,66.06182796,79.78445179,37.1040724,41.85544016,88.04672419,82.2522284,39.3470212,83.13531038,89.79606338,43.53253391,85.9179892,77.37008135,41.37862138,43.52236053,74.94577007,87.23404255,86.04799433,85.68111455,84.32732316,61.55810411,73.74301676,45.17985612,76.93374422,76.77213889,87.80302143,61.30622721,34.16666667,68.03011292,40.89068826,39.12292072,49.76133652,29.90299452,50.27302773,44.31907174
lt,77.59117559,14.56953642,67.0468948,31.5603382,41.99346405,25.96401028,73.94485884,89.14564077,85.88781481,50.90772693,26.44143818,60.31017566,64.25438596,76.18011221,35.43809862,86.53079222,51.64988536,63.7870577,78.92846453,76.03627639,81.84221228,80.70734469,79.55825132,81.53165562,75.6133585,72.80004833,83.21069672,77.31300005,75.51952837,56.14126051,60.10492522,56.17321867,81.11961057,22.59266523,65.77189041,48.13019391,26.71081678,32.24582701,33.31020125,83.33333333,62.22683474,86.62407255,75.66132638,76.88552833,84.05554226,75.40261701,77.97623044,80.65472723,77.83078434,22.89402656,39.18918919,83.13885648,77.05341113,64.58403235,48.27175209,43.04717078,71.29928895,78.67617086,96.12800269,88.99896594,15.8271401,46.34059265,17.80821918,82.82208589,25.476384,18.81606765,48.66764454,52.02247191,80.64088983,76.31485512,46.15384615,67.20430108,75.57407674,37.1040724,41.40238377,86.33581363,81.55502603,33.52406597,78.63259273,88.92657119,41.03597405,88.4637074,81.43367093,39.79020979,37.29829414,76.78958785,87.69809999,81.59213672,79.14086687,85.02080444,54.48884509,72.9981378,34.10071942,74.89856189,76.6385864,88.11336222,59.13818722,22.5,65.26976161,44.12955466,27.97580471,50.55688146,24.58878111,39.07889065,34.44197606
lv,77.69054954,12.80353201,68.69455006,32.35972329,49.01960784,35.47557841,79.43064866,91.83112666,88.9849911,49.22730683,28.61173407,62.69979427,64.84250399,83.22692977,36.96346222,88.00058792,49.30714784,65.396876,85.96228674,82.52316563,84.46522977,84.66937034,84.7035935,84.71585293,77.36112251,74.77872096,85.87506482,76.206841,84.10569534,56.69431962,64.71693681,58.10810811,84.24895688,23.54383212,62.23557903,45.22160665,31.12582781,35.28072838,37.94240111,85.41666667,64.09490542,89.10964551,75.64269747,79.92917305,87.45511132,77.47861097,79.3225005,81.73370464,84.2991441,39.43639463,40.54054054,83.80396733,76.52603232,65.14913381,51.72824791,44.45922439,72.68907563,80.99970254,90.98773728,96.88448581,30.02110285,48.69689397,20.54794521,85.27607362,25.94599476,26.00422833,52.51802958,51.57303371,85.57115113,81.33500054,39.74358974,67.67473118,76.45926139,22.62443439,36.09116889,88.48063883,84.89983232,40.33995288,82.19891294,92.11643185,39.71889129,87.75477322,81.9857214,43.50649351,34.670355,75.92190889,89.72068996,86.80598601,86.41640867,87.79472954,63.33661858,72.71880819,40.57553957,77.15074474,79.74111362,91.1347933,61.94110496,25,65.70472606,44.93927126,31.73471592,50.55688146,28.44088289,50.69693922,53.08059902
lzh,78.23710623,3.53200883,29.78453739,25.85703305,11.92810458,19.28020566,34.88339156,36.68498626,34.3233274,22.88072018,13.91159661,27.37774964,27.20295056,29.57051654,7.023767293,35.38680123,27.85365367,27.27924769,34.95959294,31.08534734,31.33387556,33.63705791,30.55619135,41.41563092,42.06121277,35.17808054,45.02515803,30.28513129,30.25792189,33.39094366,29.50043066,29.17690418,28.96383866,12.34555795,31.87932192,18.07479224,13.90728477,7.056145675,16.81124219,44.79166667,33.0278945,34.18384171,22.0752608,37.21286371,40.93847259,34.77604429,40.62982609,38.38759292,31.08367242,39.59620712,22.97297297,45.35589265,36.49012567,44.84080032,11.32300358,9.659265323,32.80542986,37.89482962,43.99462456,45.01150806,88.03101202,10.38914673,21.23287671,36.80981595,9.419308227,14.37632135,9.570957096,18.98876404,30.93661723,32.73283008,32.05128205,29.09946237,36.3730421,13.57466063,25.37115773,35.28237449,34.80716618,11.89835072,33.52913131,37.12072763,20.57204639,36.31676468,31.13481654,8.931068931,5.348086676,31.56182213,33.91997198,35.6486319,53.36687307,49.37586685,51.5545202,33.98510242,9.424460432,42.66050334,44.58598726,36.03466448,33.35134405,19.58333333,40.8866583,14.97975709,17.04471808,19.84884646,10.93771967,53.66431959,53.15731432
mr,79.24078307,16.11479029,55.76679341,23.65872406,38.39869281,23.13624679,55.93428383,65.40094929,63.18366828,41.86046512,28.88663821,50.7833518,56.96770335,57.92222867,33.45157857,64.9301847,42.83720467,50.07969398,66.4272174,66.88012249,70.37413583,67.38735417,60.09155413,75.35933626,71.76089275,60.96124218,74.46915864,58.02502282,61.65912201,48.58278604,50.14094433,47.35872236,65.54242003,19.96469896,63.47853996,46.81440443,20.52980132,29.74203338,31.14156836,77.08333333,52.72448067,63.77576257,54.0890462,69.41041348,74.4314101,70.5586311,59.01094474,64.02146303,64.77246153,40.50891399,45.94594595,73.81563594,59.97531418,59.66411782,50.05959476,46.97636345,61.7970265,66.24323818,75.91970435,75.61960039,32.43416827,46.84041414,17.12328767,88.95705521,26.7316897,18.60465116,47.66532209,51.68539326,61.48923023,64.08867071,48.71794872,65.32258065,57.7956603,37.1040724,37.91036454,65.01295144,66.71961875,25.71524739,63.33746543,68.0716782,34.1065461,61.26641424,60.09878798,37.08291708,40.8483172,61.93058568,62.61273093,68.36270256,73.52941176,81.96948682,44.14478989,55.12104283,29.92805755,71.84001027,73.24840764,67.08045439,50.25665271,19.16666667,60.97030531,42.91497976,27.75977533,48.84645982,22.81737663,52.47880443,49.65558024
mt,79.62834145,26.04856512,61.08998733,27.68639508,38.23529412,29.56298201,63.92691908,68.24881339,58.99262274,39.63990998,28.11980033,49.84965976,51.16626794,51.19945831,48.06669032,64.60780951,38.07197687,50.50207204,52.34959593,51.67440348,52.37901586,37.54114766,49.54680705,62.34868986,63.35439403,52.94384195,62.35826711,55.07168555,49.07885041,33.78269386,46.83266776,41.46191646,54.34631433,26.78956658,47.76354565,43.62880886,30.68432671,34.6737481,41.96738376,73.95833333,45.03619703,61.38087387,62.43479881,61.14088821,65.35791238,60.22898842,59.36681663,51.2659924,54.70745054,37.83116699,43.24324324,68.72812135,53.27648115,51.69795327,48.74851013,42.98577714,57.43374273,54.50769553,67.1846128,65.48250442,34.51234058,43.48446983,29.45205479,70.55214724,94.41885668,21.56448203,46.6263293,41.68539326,52.30843927,48.74264808,48.71794872,52.08333333,58.14341141,37.1040724,10.89426361,62.57280032,54.19645221,33.00235611,57.9364928,64.65959962,28.32710832,68.43631676,52.33687531,40.35964036,41.40156754,55.20607375,60.66018737,51.98795714,73.83900929,64.63245492,44.87949109,56.33147114,32.94964029,60.95403184,61.92726526,66.64129289,45.92732676,22.91666667,55.02300293,31.98380567,36.57377403,39.1805887,31.12610713,46.04109786,47.26941457
nl,79.81715194,14.56953642,64.76552598,22.89008455,27.2875817,28.02056555,80.01605136,87.16587559,89.18214195,48.53713428,29.70411633,65.84902674,58.37320574,89.49023022,30.50727208,87.25932095,49.4068388,70.1864839,89.02524194,88.99520429,86.33590891,88.83285492,90.53330282,87.60026575,78.24320998,78.32220645,86.20022705,78.29565591,88.0555848,53.05334716,68.85913398,59.49017199,87.3783032,16.46401255,66.28833192,48.33795014,22.07505519,25.64491654,35.73907009,94.79166667,73.30869573,87.64633141,70.89232489,87.2032925,86.68901125,78.9632612,85.37903713,84.26860246,89.91628081,34.08622772,40.54054054,83.03383897,78.32136445,62.16998958,45.05363528,37.12268495,73.49709114,79.024315,85.67109021,86.57393509,28.32369942,41.48518386,7.534246575,87.73006135,19.1998555,12.26215645,42.98374282,58.31460674,96.97210452,87.58857037,46.15384615,63.10483871,73.49906596,37.1040724,36.00752771,86.26651928,89.96558115,28.17233255,83.78563936,89.1636467,30.25358758,88.20591316,76.34484476,36.51348651,30.05993545,78.85032538,89.0202259,90.70751793,84.32662539,85.71428571,58.12651196,73.9292365,24.89208633,78.26527992,77.19334292,85.82386696,68.51951911,13.75,65.13592639,27.93522267,27.65176064,44.90851233,19.54168424,50.68975428,47.91669996
no,81.52638378,15.01103753,67.30038023,32.28285934,45.4248366,32.90488432,80.38428855,88.15888084,90.70847113,52.0180045,29.03855892,61.89270454,61.01475279,88.81795318,37.85030153,87.26324041,47.76193799,67.85145043,88.95540257,87.798708,82.96055307,89.65317462,88.36575875,87.93732074,74.49331255,78.60314775,85.18829977,80.76571981,83.87619749,51.18101164,69.86923499,58.29238329,84.90959666,25.75014709,63.74405509,44.04432133,26.93156733,32.92867982,34.99306037,89.58333333,74.89664017,88.77164056,78.39977645,84.50421133,86.16231745,78.42224459,85.92291681,84.32977558,84.96796221,33.21613751,43.24324324,82.87047841,75.07854578,62.80749466,50.89392133,44.37736621,71.81641888,78.88219287,84.0836553,85.20631108,31.34232498,47.37593717,17.80821918,88.95705521,30.35311117,21.56448203,50.26280406,56.51685393,89.27436441,97.10708717,41.02564103,67.60752688,73.93016238,37.1040724,41.51390535,87.02875716,87.97987821,35.35846516,83.76656813,89.39813828,35.63986633,88.84234271,78.8560518,43.01698302,38.86583679,78.95878525,89.90456177,92.05348446,83.51393189,85.29819695,65.63031986,73.09124767,40.43165468,77.81458654,76.48448736,87.55123551,69.37727948,13.75,66.39063153,39.27125506,35.51523007,48.13046937,28.20188387,50.07903434,46.55020857
orv,81.64563252,15.67328918,69.96197719,41.81398924,44.60784314,36.50385604,79.79416486,89.52035973,85.81785805,56.7891973,29.5087897,58.14211109,59.82854864,74.21648288,34.51578574,84.98505708,78.22749477,64.29709914,82.89933154,79.30289305,73.83082554,79.41695415,77.22133211,83.8796973,77.17649955,74.55517627,82.99906095,78.25806798,75.18686177,60.51388409,61.14243207,51.56633907,77.71210014,33.11433614,65.6872757,53.46260388,41.7218543,33.23216995,44.62179042,85.41666667,75.34382963,84.69084913,76.04321908,73.33460949,82.66698588,77.01308505,78.89276841,81.57348932,77.48468266,35.71809077,54.05405405,79.67327888,76.72800718,61.02742508,48.98688915,43.11879668,73.52941176,80.93359922,86.07424828,85.68331165,41.46710707,42.80614066,14.38356164,84.04907975,31.9786869,26.42706131,46.09460946,58.87640449,77.84251412,78.61652696,53.84615385,70.16129032,90.95847104,2.714932127,41.86938036,85.45478543,79.48989498,35.30797711,80.93639744,87.92465262,43.26715156,84.33899944,73.7796779,39.94005994,45.18211157,73.42733189,85.08011558,83.04436377,84.2879257,79.889043,60.59044888,73.46368715,38.99280576,73.47457627,74.44010684,86.67291252,66.20964474,27.08333333,64.76787955,33.60323887,39.83581767,51.98886237,29.94517081,50.79752838,42.74960444
pcm,81.6655073,0,42.45880862,28.00922367,15.52287582,26.4781491,63.54923992,70.73444916,74.55482066,36.60915229,16.66787239,46.62130084,38.85566188,73.6312633,12.55764455,69.47675273,36.72614894,59.67484858,73.40117729,73.1680651,73.30215535,77.23382403,75.11329824,68.33141579,58.48034791,67.163097,67.38566763,61.64957311,73.99936835,51.12916235,48.27734711,45.36240786,72.42698192,21.41596391,45.82032504,33.44875346,16.11479029,11.38088012,14.69465649,65.625,65.00953442,73.02143446,49.31073025,68.62557427,65.35791238,59.75088072,68.51540992,72.54433595,68.87423413,26.10270616,21.62162162,60.14002334,54.78007181,52.42552139,21.21573302,18.37716157,45.89528119,64.3053092,65.73996304,66.27972914,30.35599596,24.09853624,11.64383562,50.30674847,12.22794184,16.06765328,22.051094,37.86516854,75.23393362,74.27252659,24.35897436,39.71774194,60.98577382,0,97.87412003,68.84063949,72.85323449,8.027600135,64.82502146,70.33197031,25.60448201,70.36171755,67.62410759,24.28571429,5.394190871,66.05206074,74.78329393,78.87186753,60.13931889,59.36199723,65.38840606,49.90689013,16.25899281,58.20236261,55.01335525,68.05246516,59.06389302,16.66666667,54.29527394,15.38461538,15.92136531,27.7645187,6.073386757,30.73717488,34.26457191
pl,81.6754447,15.67328918,65.39923954,35.17294389,46.56862745,39.84575835,78.93966575,90.5633275,91.03917578,53.26331583,32.33017435,61.71862636,62.78907496,76.26233314,39.05640298,91.67899662,50.89223407,65.80331527,83.3083907,77.73282773,74.46116307,80.48745161,81.71435111,83.12780542,77.52933454,78.63637737,81.51901218,75.88465876,78.00400042,55.93386335,63.67942996,54.97542998,80.77190542,26.57383801,60.56954454,48.89196676,41.2803532,33.45978756,39.24358085,72.91666667,74.79538973,93.68507832,77.53353204,73.9280245,85.0610486,80.7372924,79.46350635,80.07270863,77.47065151,28.74493927,43.24324324,79.4865811,77.54712747,60.71661928,52.92014303,45.46198711,69.13380737,77.52927826,87.34251638,88.5086227,27.86952931,48.51838629,23.97260274,86.50306748,30.94012463,30.02114165,51.71739396,53.48314607,78.30596751,78.89285108,42.30769231,65.32258065,76.72654117,37.1040724,42.34334704,98.21814522,79.86938487,39.44799731,81.39029274,90.61839887,34.13603303,91.70224764,86.42287896,45.17482517,42.41585984,76.89804772,93.97600911,86.01257416,83.16563467,80.16643551,60.21413852,80.16759777,46.97841727,77.32665639,74.94349702,92.26490221,69.97163312,23.33333333,66.81723128,43.72469636,38.90689134,52.58552108,31.11204836,45.58844662,37.76790423
pt,82.43068667,16.11479029,65.77946768,36.46425826,40.8496732,29.82005141,78.6941743,86.57257057,88.45713559,51.40285071,32.29400275,65.43756924,59.90829346,91.68117624,34.94146861,87.30096517,57.94038481,64.82307938,88.63613689,80.491708,83.77389183,87.13954652,91.84252689,84.49871174,75.70772134,75.18955986,82.80424393,77.30763035,89.72733972,64.71367669,69.00399342,58.07739558,88.03894298,30.93743871,62.55653138,45.70637119,26.26931567,32.70106222,36.10340042,93.75,72.98975683,86.3231657,76.91877794,84.53292496,83.91189849,79.66784097,85.28503324,80.55277202,88.66283149,16.4997514,50,81.41190198,76.87387792,60.76606566,51.01311085,43.23135168,71.65481577,77.89615169,83.47891819,85.1095767,22.69933021,44.44841128,17.12328767,85.88957055,31.11171318,19.87315011,47.86700892,54.83146067,87.45586158,82.54372559,42.30769231,63.23924731,77.44790918,37.1040724,41.56269603,85.66266849,94.17527138,35.57724672,84.77543625,88.61714566,36.33772361,88.78595021,78.32475511,40.6993007,38.31258645,77.76572668,87.94326241,87.65252811,83.70743034,83.21775312,44.88397097,71.97392924,32.08633094,77.19568567,75.16950894,85.43154936,66.62839389,22.5,64.40819741,33.60323887,38.58284727,46.02227526,29.22817377,37.62034775,31.0313414
ro,83.30517738,16.77704194,71.22940431,41.81398924,43.1372549,40.61696658,83.53790955,90.43842118,91.15365047,54.97374344,32.93785719,68.72922931,64.9222488,89.99806539,37.53103938,89.8187252,59.1366763,71.65285304,90.95081313,87.33526732,88.89792599,88.43125379,91.10551614,87.52410429,80.72946582,79.04721626,86.04885843,80.94292005,91.32750816,65.71033529,69.43857176,63.05282555,89.91655076,35.08531085,67.78805474,55.47091413,39.29359823,34.4461305,38.80985427,88.54166667,70.56312121,89.7485573,77.7757079,79.91960184,88.43667704,82.02063412,84.20734573,85.12036541,88.17641832,43.72292066,47.2972973,85.04084014,79.52199282,64.25026931,57.21096544,46.96613118,75.04848093,81.83370608,87.67008231,89.46929517,40.76979539,49.05390932,20.54794521,87.11656442,38.28230832,29.17547569,51.47292507,56.17977528,86.13612288,85.03218636,56.41025641,66.93548387,78.72682857,37.1040724,43.80706768,89.54315223,90.30976966,42.42679233,96.78840469,90.37486354,40.42657755,89.79295899,80.32541923,45.03496503,43.70677732,90.23861171,89.48428334,90.69866289,82.50773994,82.94036061,64.92697787,74.02234637,44.5323741,79.4953775,78.03575098,89.68263263,63.42698906,27.08333333,66.18987871,46.15384615,43.11946425,53.65950676,30.31069872,56.97657709,54.89139989
ru,83.92129584,16.11479029,70.0887199,28.48578017,38.7254902,30.33419023,83.9203097,93.27379465,92.12032562,52.22805701,25.95673877,60.76910904,60.75558214,84.30063842,35.89925505,90.15383862,48.74887848,65.26936564,87.20941834,81.42166188,79.76819845,86.31791009,87.76379034,86.04948875,78.34167556,78.69679485,86.23666765,77.80701283,85.27634488,57.06878673,68.79257693,58.04668305,85.43115438,17.69954893,63.58649666,46.05263158,25.60706402,34.74962064,32.28660652,87.5,73.99719874,90.98928277,77.60804769,76.40696784,88.41273641,79.03875189,84.54643121,82.27785416,83.64435714,19.44030116,50,83.24387398,78.16427289,63.35317075,50.41716329,45.06292848,70.9114415,81.24979343,90.60137746,90.49000967,20.79548582,46.59050339,15.75342466,84.66257669,23.12833017,20.29598309,49.78608972,51.79775281,85.72122175,82.91112861,44.87179487,65.25537634,78.63486133,38.00904977,42.25970586,90.564419,87.04439149,30.98283406,83.76084676,97.75068959,35.14841753,90.72746314,83.14793292,38.35164835,35.08529276,76.68112798,91.70825672,88.87983707,83.93962848,83.35644938,46.39817221,80.91247672,30.50359712,77.42681048,76.97760427,92.78604052,69.53937593,14.16666667,66.18151401,38.46153846,30.22251026,50.35799523,29.34064389,40.20692628,33.1218335
sa,84.31879161,9.713024283,30.79847909,26.22598002,21.89542484,23.90745501,32.55594373,39.33924557,35.40447723,27.29182296,11.951096,27.61512898,32.96451356,25.72064229,14.7924796,36.79682524,43.18612302,23.90819254,32.69480196,32.31231293,32.53355022,31.37887446,28.53284504,41.12070782,38.3072126,36.19007341,42.53037884,24.78655426,28.07874513,35.33241157,20.78145799,23.31081081,28.65090403,26.74053736,37.35593616,23.61495845,16.55629139,13.88467375,15.94378904,39.58333333,29.31537825,34.87221764,28.48360656,34.63820827,38.99928178,38.29894313,34.47592829,32.67285778,28.26808849,26.31223809,29.72972973,44.15402567,34.84066427,39.57122927,26.10250298,25.49882329,34.13057531,38.07110514,43.54107173,42.3029454,29.97063951,21.77793645,14.38356164,37.42331288,17.51106295,15.6448203,20.01589048,27.97752809,28.3677613,32.03507309,29.48717949,29.70430108,36.77539876,6.334841629,24.02592877,36.57586907,30.65925338,17.16593739,34.77448269,37.52769649,84.21466483,37.19487634,30.4208866,21.74825175,18.85661595,34.05639913,33.74485597,35.65571593,42.45356037,50.62413315,32.39405071,34.63687151,25.17985612,42.81330252,50.09245942,38.20705001,28.11022558,29.16666667,36.41990799,21.45748988,16.74227695,27.7645187,13.20118094,31.59936773,29.27488053
sk,84.88522309,14.79028698,66.66666667,35.83397387,46.73202614,39.07455013,79.59116231,89.75768174,90.49224116,48.072018,28.83599797,61.76610223,60.5960925,85.77577868,37.03440937,94.27024644,45.87777889,64.84698757,82.22089195,79.38149873,84.56689711,82.60211203,87.85076677,80.71656593,74.00098466,77.94761804,79.54841694,75.44971272,83.88040846,57.96174675,67.21869861,56.97174447,86.05702364,28.28005491,58.96478277,44.11357341,36.64459161,33.08042489,36.78001388,81.25,65.29809818,93.66446826,78.59538003,81.85298622,83.76825473,75.96879718,81.25965219,77.43993382,82.01674384,27.37587897,37.83783784,79.54492415,76.51481149,57.36662723,48.74851013,44.15225622,67.93794441,77.05113092,85.82227448,84.22896027,30.21836866,48.16137094,24.65753425,87.73006135,29.06168157,27.27272727,49.84720694,53.93258427,84.19403249,77.93575078,43.58974359,64.91935484,74.93892801,38.00904977,39.86199205,93.31969444,85.14694202,33.86065298,81.44559931,90.47757472,36.34755259,97.47845001,87.70546239,40.56943057,41.30935915,77.87418655,94.61518256,84.61347738,82.97213622,79.61165049,58.13547173,70.76350093,40.28776978,75.06163328,72.41627286,91.96041691,62.21801972,22.08333333,67.41948975,42.10526316,38.95009721,49.88066826,26.86630114,45.55970685,42.51626205
sl,84.96472225,14.56953642,67.17363752,17.27901614,29.24836601,20.5655527,79.79888585,90.15113665,90.36504706,46.49662416,23.47536714,53.15714512,53.13995215,79.00947959,30.18800993,94.05173681,41.88017147,65.46063118,83.6675646,81.15665575,79.68686458,81.6962052,84.90043488,82.19442239,74.62049725,78.59106425,81.17282653,75.00939698,79.86735446,40.3387487,62.96687808,55.00614251,82.51043115,6.187487743,60.81463543,40.72022161,22.51655629,23.67223065,22.01596114,81.25,67.37035725,93.09150866,79.92734724,74.56929556,84.2710079,73.81731253,81.78003089,79.98531845,81.31518638,25.45280205,32.43243243,79.42823804,75.6956912,61.8768432,40.28605483,33.30604727,64.73820297,76.67213855,87.317319,85.97017913,14.83622351,37.62941806,6.164383562,87.73006135,18.43222252,10.14799154,40.12345679,41.91011236,83.14353814,78.35718366,32.05128205,58.19892473,74.06523926,37.1040724,33.92346832,93.23060171,83.9643456,24.67182767,82.41441785,91.46592766,14.26184392,95.46443245,97.61746638,22.46753247,27.38589212,76.57266811,94.43131074,85.99132206,83.35913313,83.35644938,53.15831915,71.97392924,22.51798561,75.43785311,72.06698171,92.58695398,61.56963393,11.25,67.30238394,27.53036437,24.71376107,44.15274463,17.10951778,48.915074,39.73852866
sme,86.02802345,24.06181015,44.48669202,29.59262106,48.36601307,31.61953728,40.50136909,58.66225331,54.05113203,34.28357089,30.21775302,47.01693306,50.62799043,45.78254982,41.46860589,54.48728627,35.08124813,36.89034109,50.69340517,40.43891161,45.60797072,48.07231454,47.11604486,65.17800716,59.58398293,45.84176661,64.68065425,52.20963325,43.86567007,30.84456735,34.84848485,30.98894349,48.53963839,31.12374975,41.78507863,37.11911357,31.78807947,36.03945372,28.00138793,61.45833333,39.48092273,55.90684254,51.05253353,54.73774885,62.96384965,56.05183694,59.30302827,47.18720142,48.92661709,30.55969884,27.02702703,62.17036173,42.50448833,51.68912356,51.13230036,42.15696306,57.46606335,50.30903302,63.46379976,64.18492945,18.31360675,44.98393431,17.80821918,67.48466258,34.07387339,21.56448203,45.81347024,38.65168539,49.52330508,45.48541966,41.02564103,57.72849462,46.01523207,38.91402715,19.79507911,54.98506872,52.025417,35.56041737,50.13254506,57.25599633,28.40574012,57.71368726,45.54208866,87.68231768,49.23928077,47.8308026,55.86200858,47.91463739,60.44891641,58.66851595,23.90914793,46.27560521,44.17266187,56.31355932,61.41360181,56.62255533,36.83641767,18.33333333,46.03094939,43.31983806,36.22812703,33.77088305,31.04175453,36.00373617,33.86341479
sr,86.2963331,16.11479029,66.79340938,30.19215988,30.06535948,32.64781491,80.87999245,90.95678241,92.23480031,47.90697674,27.57722636,58.03133407,58.59250399,85.69355775,29.30117063,94.76262799,45.41920048,67.40516417,84.07662377,82.67397589,83.8552257,82.91812604,87.26482033,84.39014114,74.94051038,78.66658611,81.74746668,76.14240455,83.62353932,54.32653532,67.91559001,57.09459459,84.94436718,17.05236321,58.99104251,42.86703601,25.60706402,29.36267071,33.13671062,88.54166667,66.55191616,97.03215169,77.52421759,78.44563553,84.17524539,75.78007046,80.46397636,79.55361096,82.62943735,28.70764969,32.43243243,79.68494749,75.77423698,60.61772653,40.16686532,36.09945769,69.8125404,77.00926548,85.34352427,85.12625505,27.25938159,40.16422706,12.32876712,84.04907975,22.71290527,19.23890063,43.13653588,47.86516854,83.95127119,78.97775514,44.87179487,62.6344086,75.88159218,37.1040724,38.67707535,91.84966425,84.67037331,31.48771457,82.12072089,90.60160333,32.49459406,94.60243293,85.79611489,31.22877123,32.96449977,74.62039046,99.06312932,85.50783671,83.8622291,77.80859917,60.46949198,77.46741155,31.43884892,76.18644068,70.96774194,92.30003513,63.04201,14.58333333,65.78837307,37.65182186,30.74098077,44.43118536,21.84732181,44.94180198,41.30799597
sv,86.49508099,17.21854305,69.58174905,40.43043812,47.38562092,41.1311054,81.97054103,89.82638021,92.88349021,51.68792198,31.83100629,64.29814844,62.988437,90.05126717,35.86378148,90.11709372,51.10158509,69.58877909,92.90631547,91.11422917,88.12525417,92.27740763,91.14442664,89.57236149,76.42159678,77.39177718,87.04396698,80.33077377,88.16296452,62.55905058,70.53872054,60.44226044,88.10848401,26.03451657,62.95626295,51.80055402,35.09933775,32.32169954,34.12560722,87.5,75.05357836,90.79142622,77.5428465,87.12672282,87.52693321,80.30951183,84.16370107,85.32019762,88.00804453,35.51211024,45.94594595,83.41890315,77.27782765,64.25909902,52.44338498,44.5308503,74.07886231,79.09592693,86.15823954,87.08429234,30.78264061,46.697608,22.60273973,86.50306748,30.5698546,24.31289641,50.82508251,57.41573034,89.96733757,89.72969635,44.87179487,68.4811828,76.22646932,40.27149321,48.12852861,88.94260118,90.05383461,42.39313363,85.46200057,91.37936603,40.74110478,90.46161283,81.03934916,45.4045954,41.95481789,80.26030369,91.4630943,97.87301868,85.25541796,84.88210818,66.36950094,72.25325885,41.43884892,79.24884438,76.85432505,90.42042394,67.55369445,20.83333333,66.34880803,42.51012146,37.37308274,47.13603819,31.22451849,48.75700532,48.50325241
ta,86.73357846,17.21854305,57.54119138,28.4396618,32.67973856,19.28020566,62.9260693,76.94229328,71.57847876,55.60390098,22.83874702,51.66956797,58.79186603,57.6417102,33.55799929,71.74023811,45.67839697,54.19190309,70.04888756,65.83878922,63.54209028,68.13130382,59.50789654,78.50302215,74.33330598,60.00362505,76.19167753,59.91515867,56.91546479,45.04551216,58.23741289,50.15356265,61.85674548,18.24867621,52.93379628,44.11357341,22.73730684,28.52807284,26.47467037,81.25,73.59050946,71.31492168,62.34165425,69.78369066,76.46636342,70.79768495,70.34848587,67.94469949,61.18984145,42.2775055,39.18918919,77.15285881,64.13824057,58.56216999,40.16686532,35.28087588,63.6716225,67.81319202,77.76751218,79.23880049,28.34204973,39.16458408,12.32876712,79.14110429,23.14639212,15.85623679,43.46045716,46.85393258,63.98746469,64.77870915,48.71794872,61.42473118,61.83359678,37.1040724,37.52700913,72.00673145,65.86356014,28.290138,65.47344331,74.27181644,36.89797523,71.91653911,59.75012452,34.86513487,32.73397879,60.95444685,71.60493827,69.14903037,85.64241486,83.21775312,56.65262969,65.6424581,27.84172662,71.98767334,67.33100473,75.53577702,69.00580846,21.25,56.08531995,32.38866397,28.2566429,51.5910899,22.28314354,50.31613738,47.94227173
te,87.37950909,16.77704194,61.47021546,37.44811683,50.16339869,43.18766067,62.68529884,69.95378466,67.30475706,61.02025506,35.28901107,54.89792689,64.04505582,62.07680402,40.75913444,69.07157905,46.34632639,54.46286261,67.47480794,66.96487325,66.32777552,68.85945277,63.07164111,73.84096838,67.3750718,63.50783917,73.7529608,56.97793052,62.05916412,48.35234474,56.04494558,52.61056511,62.93463143,29.79996078,48.04948502,47.99168975,35.3200883,35.43247344,36.98820264,73.95833333,73.25132047,65.5729596,59.65909091,74.9042879,72.51615992,66.04177151,69.03578863,63.53382583,63.25242037,49.70523475,45.94594595,77.3512252,67.74012567,63.21719321,50.05959476,45.15501893,65.93406593,65.10736281,77.63312615,77.56429501,41.93503991,45.66226348,27.39726027,79.75460123,34.89569222,36.15221987,50.34836817,48.20224719,68.04819915,62.07412896,52.56410256,63.30645161,57.58873401,39.81900452,38.07764689,68.44467176,66.31365281,37.36115786,62.75388576,70.99087227,46.0585807,67.35680335,58.5505562,41.02897103,46.65744583,60.30368764,66.42150425,66.37385991,89.31888545,94.86823856,57.32909238,66.10800745,45.10791367,73.0097586,75.9091843,71.2671273,69.83655275,33.75,59.54830615,48.98785425,40.20306762,51.03420843,33.47392099,60.43253341,61.97957455
tr,88.24406241,22.9580574,58.30164766,39.75403536,50.16339869,49.10025707,64.39429704,76.93604796,72.36708217,50.81770443,30.03689503,55.43598671,62.58971292,69.08976591,40.83008159,75.76698839,42.94686472,62.94230156,73.82021351,73.47557463,80.21553477,74.40813209,71.05973907,82.00158805,66.84992205,71.32284083,81.08873285,59.51780057,71.41172755,47.47090679,60.31634171,54.11547912,72.42698192,24.14198863,58.53587372,41.13573407,41.2803532,33.61153263,37.45662734,79.16666667,63.20727653,72.26710635,67.11997019,86.36102603,80.94326071,70.45797685,71.51010542,68.93279113,73.18179692,44.43142269,50,81.14352392,68.00942549,63.7293164,51.01311085,47.6312289,70.52359405,68.18116716,81.16915841,80.04936789,36.33819616,50.01785077,23.28767123,77.91411043,34.11902827,41.86046512,52.68304608,45.84269663,73.72439972,69.23540036,50,65.38978495,63.67294151,53.39366516,36.0423782,74.33469172,76.7363869,43.13362504,69.62715743,77.9074049,38.28386082,75.114799,62.31944214,45.18481518,47.44121715,71.47505423,72.22660012,74.46382715,79.48916409,80.72122053,49.00994535,56.23836127,53.5971223,88.41422702,70.83418944,76.79470664,60.50925301,24.58333333,57.04726056,48.58299595,38.86368546,46.53937947,31.68845775,54.27503952,55.85193946
ug,88.4428103,29.3598234,58.04816223,37.0330515,45.91503268,47.55784062,60.9479747,71.1778666,68.29687103,54.98874719,35.80988208,51.97024846,61.47328549,50.34822983,40.33345158,67.90015188,41.93998604,57.12464138,64.36196747,61.00825232,61.38674258,60.91038369,55.45891508,74.81810374,70.32083368,74.11412863,76.04871827,56.41948129,53.91093799,44.95333564,51.83227625,48.03439803,60.29207232,23.76936654,51.67624661,46.88365651,38.18984547,34.29438543,36.90145732,77.08333333,74.16932449,64.58779885,59.77086438,62.63399694,76.99305722,71.76648213,65.46364064,65.81820512,59.40788551,47.49627104,52.7027027,82.01866978,71.31956912,61.67022798,49.22526818,48.75677888,64.64124111,68.25167737,79.10297329,77.23072818,40.85695935,49.01820778,23.28767123,81.59509202,32.33089497,41.22621564,49.86554211,44.49438202,57.80808616,63.0080736,55.12820513,64.18010753,58.3733295,40.7239819,38.97678957,67.93981291,62.35107228,35.57724672,65.06531897,71.56515055,43.13937488,63.91686136,58.67092811,42.6973027,45.55094514,63.44902386,63.11181158,65.92048171,73.87770898,82.80166436,56.2225607,61.45251397,52.58992806,74.64047252,89.92192316,71.60089003,68.71538565,29.16666667,67.94646591,55.46558704,35.16958306,51.75019889,32.8975116,57.43641328,57.88489508
uk,88.93968002,14.56953642,68.94803549,17.52498078,24.83660131,15.16709512,82.07912378,93.69223083,91.10913254,51.82295574,18.65007596,59.29735718,60.65590112,83.95240859,35.04788932,92.08319044,47.9812581,66.81542875,85.22398483,82.39872797,85.88857259,82.24791299,86.2027924,84.40310479,75.72002954,78.33428994,82.49590043,73.58642539,82.62764502,26.86369397,66.2085976,56.32678133,85.84840056,3.745832516,62.96209844,35.04155125,14.56953642,23.74810319,23.00485774,84.375,68.30186132,93.24814509,71.65611028,82.23583461,87.6945176,79.79365878,76.95897401,81.35268346,83.94368832,38.00163364,36.48648649,81.84364061,76.98608618,61.54661204,46.00715137,40.36631536,68.64899806,77.87521897,88.10683689,88.90556723,36.62721351,45.98357729,2.054794521,88.34355828,16.63505825,8.033826638,49.40105122,30.8988764,84.25582627,80.22044181,46.15384615,59.47580645,77.45940509,39.81900452,22.45765665,91.828216,84.14085253,22.73645237,82.63182988,93.34573619,13.94731669,91.78280835,84.48862693,27.002997,27.70862148,79.71800434,93.81840469,86.30656159,81.73374613,84.32732316,63.26046053,71.13594041,20.21582734,76.26605033,77.22416273,98.1672327,64.12265298,5.416666667,66.30698453,32.38866397,18.5353208,51.39220366,19.97750597,53.76490875,51.89470824
ur,89.34711319,17.21854305,61.59695817,19.50807071,21.56862745,15.42416452,79.76583892,82.62553085,84.73670822,62.11552888,18.6645446,49.54897927,49.66108453,70.85026117,26.81802057,81.00485033,38.08194597,63.69939433,77.3720443,73.47070978,68.05612037,76.9217602,72.72144656,80.97583899,77.77960121,80.63015437,80.38094437,67.33608978,68.22612907,43.42666206,62.72414063,53.31695332,73.53963839,5.81486566,56.26294751,43.14404432,19.20529801,22.68588771,20.12491325,83.33333333,91.86115189,82.04451772,64.63301043,72.59762634,82.71486713,74.08152994,77.95944403,74.42147701,70.99293765,29.6398892,43.24324324,82.6487748,75.20197487,59.02837869,32.53873659,27.55551008,61.11829347,72.58364824,82.9413741,82.30427966,16.82723186,28.48982506,2.054794521,82.20858896,15.05463741,8.66807611,31.26145948,46.17977528,74.30261299,74.94404051,41.02564103,51.88172043,69.28581693,44.3438914,36.26542134,83.52774249,74.46827288,21.22181084,74.70964051,85.91241772,12.12895616,80.84266495,74.02457247,22.26773227,25.03457815,71.80043384,82.40959636,80.03719118,85.95201238,85.15950069,46.89991936,78.49162011,20.86330935,76.73343606,75.79617834,83.80372409,94.77914359,15.83333333,60.44332915,19.83805668,21.58133506,55.3699284,16.43469703,38.15921828,33.8730042
vi,89.95329425,16.11479029,59.69581749,34.03535742,46.24183007,43.44473008,61.58058729,66.29402948,64.02314933,44.39609902,27.84489619,52.98306694,55.93102073,54.95743858,33.09684285,62.18607614,36.36726149,50.9483583,59.29362466,57.68735421,54.06669378,57.1722013,58.72281987,57.37874933,59.16550423,57.28785911,60.22929544,58.44922945,53.82461312,36.40396359,48.94291755,43.82678133,60.60500695,22.18081977,44.92165845,39.75069252,36.64459161,33.45978756,35.2185982,75,49.61271706,59.3198681,57.95454545,55.45558959,62.89202777,58.15299446,62.6804539,52.24068421,57.27047379,25.47588607,45.94594595,70.54842474,58.51660682,53.43740618,44.93444577,46.30103346,57.65998707,57.25759362,68.19250798,66.02955402,22.44701349,46.59050339,20.54794521,66.25766871,31.59938589,38.05496829,48.78376727,40.33707865,58.37747175,56.67886198,42.30769231,60.34946237,54.86133065,37.1040724,26.34000139,65.09544472,64.51328215,38.74116459,61.80223133,66.90955602,34.6766267,63.11125433,53.45342852,38.36163836,39.32687875,57.04989154,58.33990018,59.2579474,62.84829721,64.63245492,50.24191381,63.40782123,49.13669065,61.71802773,70.66981714,66.1142991,45.19789275,27.91666667,93.66792137,48.98785425,28.86152517,40.69212411,25.31983692,40.73861187,34.99656379
wo,92.11964623,18.76379691,46.64131812,41.64488855,58.33333333,35.73264781,50.56179775,61.12290782,54.30552022,43.10577644,33.79150691,46.89033075,54.21650718,52.89707874,40.90102873,55.17711038,27.65427176,41.50462225,52.36955003,38.3892748,46.15697438,51.42206304,52.38269627,60.17241659,66.58324444,46.24052201,58.4577219,51.54915964,48.82408675,33.75964973,44.26434892,39.55773956,53.12934631,22.95548147,39.26706154,30.60941828,32.00883002,31.79059181,38.16793893,64.58333333,49.29209065,52.40313273,52.48695976,53.04364472,61.67105578,62.85858078,61.76727322,47.88632285,51.15289276,31.01427658,36.48648649,63.62893816,46.48788151,52.46437212,49.34445769,43.44622941,55.17129929,51.14524001,61.04485134,61.30958338,24.81879071,47.30453409,20.54794521,57.05521472,35.66332521,32.34672304,50.00611172,34.49438202,52.21574859,49.11776965,46.15384615,52.48655914,48.29142118,42.08144796,26.88366906,55.18470245,55.51142882,50.11780545,54.4121293,57.31155081,30.99076076,58.81736889,43.93989706,42.75724276,41.8165053,51.84381779,52.93757114,49.02683078,65.98297214,63.52288488,34.88486695,62.19739292,48.20143885,56.69491525,59.74933224,56.78065347,40.39578549,23.75,49.13425345,42.51012146,91.48844243,36.23707239,34.13468297,40.18537146,33.60450063
zh,98.9267614,16.99779249,59.69581749,16.31053036,24.67320261,16.45244216,64.2337834,69.6977267,64.15034342,42.71567892,20.95782392,49.88131033,56.25,52.2054556,32.1390564,64.64847386,41.02282923,52.31909468,62.63593734,57.49096803,58.39772265,60.248071,54.38773175,70.42018441,66.00475917,59.62601577,70.32754489,55.93083821,54.06884935,19.46076737,49.68679038,44.59459459,56.74547983,5.4030202,65.18250518,36.21883657,20.30905077,23.21699545,22.27619709,82.29166667,59.44244756,61.19950536,46.97280179,59.93491577,70.74455351,67.2118772,65.75236688,63.43070541,57.28450493,56.39605086,44.59459459,76.19603267,66.46095153,63.24368234,34.68414779,29.43824823,60.5365223,60.45148567,73.76112884,74.06184329,58.20258739,35.09460907,6.849315068,74.23312883,13.66386706,10.57082452,39.39005012,29.5505618,56.85469633,60.28188147,50,52.75537634,50.12789194,45.70135747,21.50972329,65.25053208,60.60365369,23.14035678,61.18432345,69.57681699,19.00923924,66.00338355,52.87232276,22.92707293,24.85016136,59.0021692,61.93853428,61.84893297,82.62383901,82.80166436,65.64823941,59.12476723,20.71942446,69.61992809,71.61495788,69.42264902,53.82277455,10.41666667,59.56503555,29.55465587,17.56318859,38.86237072,16.4065795,80.55036643,93.42326072